Workbook

Sheet Assessment Structure
A1: Learning Analytics – Assessment Structure
A3: Component | B3: Component Weightage (%) | F3: Formula / Check | G3: Result
A4: Coursework | B4: 60 | F4: Total component weight | G4: =SUM(B4:B5) -> 100
A5: Final Exam | B5: 40 | F5: Total coursework assessment weight | G5: =SUM(C9:C14) -> 60
A6: Total | B6: 100 | F6: Coursework weight matches component? | G6: =IF(G5=B4,"OK","CHECK") -> OK
F7: Expected upload status | G7: =IF(AND(G4=100,G6="OK"),"READY","CHECK") -> READY
A8: Assessment | B8: Assessment Type | C8: Assessment Weightage (%) | D8: Full Marks | E8: Question-Level Chapter Mapping?
A9: Test 1 | B9: Test | C9: 15 | D9: 50 | E9: Yes
A10: Test 2 | B10: Test | C10: 15 | D10: 50 | E10: Yes
A11: Quiz 1 | B11: Quiz | C11: 5 | D11: 10 | E11: No
A12: Quiz 2 | B12: Quiz | C12: 5 | D12: 10 | E12: No
A13: Assignment | B13: Assignment | C13: 10 | D13: 100 | E13: No
A14: Project | B14: Project | C14: 10 | D14: 100 | E14: No
A15: Total | C15: 60
A17: EDITABLE EXAMPLE: The assessment names, weightages, full marks and mapping choices shown above are examples. Lecturers may change them to match their course. If an assessment name or question structure is changed, update the matching Student Marks column names and Question-Chapter Mapping rows as well. Keep the three sheet names and required header names unchanged.

Sheet Student Marks
A1: Learning Analytics – Student Marks
A2: EDITABLE EXAMPLE – Enter Student ID / optional Student Name or Alias and raw marks only in the input columns. Assessment columns are examples and may be edited. For question-level tests, insert or delete question columns inside that test's question block and update Question-Chapter Mapping to match. The Test % formulas will then expand/contract with the question block and use the mapped full marks automatically. Replace or delete the EXAMPLE student rows before uploading. Automatic calculation columns are checking only; the web system recalculates the official results after upload. | O2: AUTOMATIC CALCULATIONS – Do not edit these output columns. They are provided for checking only; the web system recalculates the official values after upload.
A4: Student ID | B4: Student Name/Alias | C4: TEST1_Q1 | D4: TEST1_Q2 | E4: TEST1_Q3 | F4: TEST1_Q4 | G4: TEST2_Q1 | H4: TEST2_Q2 | I4: TEST2_Q3 | J4: TEST2_Q4 | K4: QUIZ1 | L4: QUIZ2 | M4: ASSIGNMENT | N4: PROJECT | O4: Test 1 % | P4: Test 2 % | Q4: Quiz 1 % | R4: Quiz 2 % | S4: Assignment % | T4: Project % | U4: Coursework Mark /60 | V4: Coursework Performance %
A5: EXAMPLE01 | B5: Example Student A | C5: 8 | D5: 9 | E5: 12 | F5: 13 | G5: 8 | H5: 7 | I5: 13 | J5: 12 | K5: 8 | L5: 9 | M5: 72 | N5: 85 | O5: =IF($A5="","",IFERROR(SUM(C5:F5)/SUMIF('Question-Chapter Mapping'!$B$4:$B$100,"Test 1",'Question-Chapter Mapping'!$E$4:$E$100)*100,"")) -> 84 | P5: =IF($A5="","",IFERROR(SUM(G5:J5)/SUMIF('Question-Chapter Mapping'!$B$4:$B$100,"Test 2",'Question-Chapter Mapping'!$E$4:$E$100)*100,"")) -> 80 | Q5: =IF($A5="","",IFERROR(K5/'Assessment Structure'!$D$11*100,"")) -> 80 | R5: =IF($A5="","",IFERROR(L5/'Assessment Structure'!$D$12*100,"")) -> 90 | S5: =IF($A5="","",IFERROR(M5/'Assessment Structure'!$D$13*100,"")) -> 72 | T5: =IF($A5="","",IFERROR(N5/'Assessment Structure'!$D$14*100,"")) -> 85 | U5: =IF($A5="","",O5/100*'Assessment Structure'!$C$9+P5/100*'Assessment Structure'!$C$10+Q5/100*'Assessment Structure'!$C$11+R5/100*'Assessment Structure'!$C$12+S5/100*'Assessment Structure'!$C$13+T5/100*'Assessment Structure'!$C$14) -> 48.8 | V5: =IF($A5="","",IFERROR(U5/'Assessment Structure'!$B$4*100,"")) -> 81.333333
A6: EXAMPLE02 | B6: Example Student B | C6: 6 | D6: 7 | E6: 10 | F6: 11 | G6: 6 | H6: 5 | I6: 10 | J6: 9 | K6: 6 | L6: 7 | M6: 60 | N6: 70 | O6: =IF($A6="","",IFERROR(SUM(C6:F6)/SUMIF('Question-Chapter Mapping'!$B$4:$B$100,"Test 1",'Question-Chapter Mapping'!$E$4:$E$100)*100,"")) -> 68 | P6: =IF($A6="","",IFERROR(SUM(G6:J6)/SUMIF('Question-Chapter Mapping'!$B$4:$B$100,"Test 2",'Question-Chapter Mapping'!$E$4:$E$100)*100,"")) -> 60 | Q6: =IF($A6="","",IFERROR(K6/'Assessment Structure'!$D$11*100,"")) -> 60 | R6: =IF($A6="","",IFERROR(L6/'Assessment Structure'!$D$12*100,"")) -> 70 | S6: =IF($A6="","",IFERROR(M6/'Assessment Structure'!$D$13*100,"")) -> 60 | T6: =IF($A6="","",IFERROR(N6/'Assessment Structure'!$D$14*100,"")) -> 70 | U6: =IF($A6="","",O6/100*'Assessment Structure'!$C$9+P6/100*'Assessment Structure'!$C$10+Q6/100*'Assessment Structure'!$C$11+R6/100*'Assessment Structure'!$C$12+S6/100*'Assessment Structure'!$C$13+T6/100*'Assessment Structure'!$C$14) -> 38.7 | V6: =IF($A6="","",IFERROR(U6/'Assessment Structure'!$B$4*100,"")) -> 64.5
O7: =IF($A7="","",IFERROR(SUM(C7:F7)/SUMIF('Question-Chapter Mapping'!$B$4:$B$100,"Test 1",'Question-Chapter Mapping'!$E$4:$E$100)*100,"")) | P7: =IF($A7="","",IFERROR(SUM(G7:J7)/SUMIF('Question-Chapter Mapping'!$B$4:$B$100,"Test 2",'Question-Chapter Mapping'!$E$4:$E$100)*100,"")) | Q7: =IF($A7="","",IFERROR(K7/'Assessment Structure'!$D$11*100,"")) | R7: =IF($A7="","",IFERROR(L7/'Assessment Structure'!$D$12*100,"")) | S7: =IF($A7="","",IFERROR(M7/'Assessment Structure'!$D$13*100,"")) | T7: =IF($A7="","",IFERROR(N7/'Assessment Structure'!$D$14*100,"")) | U7: =IF($A7="","",O7/100*'Assessment Structure'!$C$9+P7/100*'Assessment Structure'!$C$10+Q7/100*'Assessment Structure'!$C$11+R7/100*'Assessment Structure'!$C$12+S7/100*'Assessment Structure'!$C$13+T7/100*'Assessment Structure'!$C$14) | V7: =IF($A7="","",IFERROR(U7/'Assessment Structure'!$B$4*100,""))
O8: =IF($A8="","",IFERROR(SUM(C8:F8)/SUMIF('Question-Chapter Mapping'!$B$4:$B$100,"Test 1",'Question-Chapter Mapping'!$E$4:$E$100)*100,"")) | P8: =IF($A8="","",IFERROR(SUM(G8:J8)/SUMIF('Question-Chapter Mapping'!$B$4:$B$100,"Test 2",'Question-Chapter Mapping'!$E$4:$E$100)*100,"")) | Q8: =IF($A8="","",IFERROR(K8/'Assessment Structure'!$D$11*100,"")) | R8: =IF($A8="","",IFERROR(L8/'Assessment Structure'!$D$12*100,"")) | S8: =IF($A8="","",IFERROR(M8/'Assessment Structure'!$D$13*100,"")) | T8: =IF($A8="","",IFERROR(N8/'Assessment Structure'!$D$14*100,"")) | U8: =IF($A8="","",O8/100*'Assessment Structure'!$C$9+P8/100*'Assessment Structure'!$C$10+Q8/100*'Assessment Structure'!$C$11+R8/100*'Assessment Structure'!$C$12+S8/100*'Assessment Structure'!$C$13+T8/100*'Assessment Structure'!$C$14) | V8: =IF($A8="","",IFERROR(U8/'Assessment Structure'!$B$4*100,""))
O9: =IF($A9="","",IFERROR(SUM(C9:F9)/SUMIF('Question-Chapter Mapping'!$B$4:$B$100,"Test 1",'Question-Chapter Mapping'!$E$4:$E$100)*100,"")) | P9: =IF($A9="","",IFERROR(SUM(G9:J9)/SUMIF('Question-Chapter Mapping'!$B$4:$B$100,"Test 2",'Question-Chapter Mapping'!$E$4:$E$100)*100,"")) | Q9: =IF($A9="","",IFERROR(K9/'Assessment Structure'!$D$11*100,"")) | R9: =IF($A9="","",IFERROR(L9/'Assessment Structure'!$D$12*100,"")) | S9: =IF($A9="","",IFERROR(M9/'Assessment Structure'!$D$13*100,"")) | T9: =IF($A9="","",IFERROR(N9/'Assessment Structure'!$D$14*100,"")) | U9: =IF($A9="","",O9/100*'Assessment Structure'!$C$9+P9/100*'Assessment Structure'!$C$10+Q9/100*'Assessment Structure'!$C$11+R9/100*'Assessment Structure'!$C$12+S9/100*'Assessment Structure'!$C$13+T9/100*'Assessment Structure'!$C$14) | V9: =IF($A9="","",IFERROR(U9/'Assessment Structure'!$B$4*100,""))
O10: =IF($A10="","",IFERROR(SUM(C10:F10)/SUMIF('Question-Chapter Mapping'!$B$4:$B$100,"Test 1",'Question-Chapter Mapping'!$E$4:$E$100)*100,"")) | P10: =IF($A10="","",IFERROR(SUM(G10:J10)/SUMIF('Question-Chapter Mapping'!$B$4:$B$100,"Test 2",'Question-Chapter Mapping'!$E$4:$E$100)*100,"")) | Q10: =IF($A10="","",IFERROR(K10/'Assessment Structure'!$D$11*100,"")) | R10: =IF($A10="","",IFERROR(L10/'Assessment Structure'!$D$12*100,"")) | S10: =IF($A10="","",IFERROR(M10/'Assessment Structure'!$D$13*100,"")) | T10: =IF($A10="","",IFERROR(N10/'Assessment Structure'!$D$14*100,"")) | U10: =IF($A10="","",O10/100*'Assessment Structure'!$C$9+P10/100*'Assessment Structure'!$C$10+Q10/100*'Assessment Structure'!$C$11+R10/100*'Assessment Structure'!$C$12+S10/100*'Assessment Structure'!$C$13+T10/100*'Assessment Structure'!$C$14) | V10: =IF($A10="","",IFERROR(U10/'Assessment Structure'!$B$4*100,""))
O11: =IF($A11="","",IFERROR(SUM(C11:F11)/SUMIF('Question-Chapter Mapping'!$B$4:$B$100,"Test 1",'Question-Chapter Mapping'!$E$4:$E$100)*100,"")) | P11: =IF($A11="","",IFERROR(SUM(G11:J11)/SUMIF('Question-Chapter Mapping'!$B$4:$B$100,"Test 2",'Question-Chapter Mapping'!$E$4:$E$100)*100,"")) | Q11: =IF($A11="","",IFERROR(K11/'Assessment Structure'!$D$11*100,"")) | R11: =IF($A11="","",IFERROR(L11/'Assessment Structure'!$D$12*100,"")) | S11: =IF($A11="","",IFERROR(M11/'Assessment Structure'!$D$13*100,"")) | T11: =IF($A11="","",IFERROR(N11/'Assessment Structure'!$D$14*100,"")) | U11: =IF($A11="","",O11/100*'Assessment Structure'!$C$9+P11/100*'Assessment Structure'!$C$10+Q11/100*'Assessment Structure'!$C$11+R11/100*'Assessment Structure'!$C$12+S11/100*'Assessment Structure'!$C$13+T11/100*'Assessment Structure'!$C$14) | V11: =IF($A11="","",IFERROR(U11/'Assessment Structure'!$B$4*100,""))
O12: =IF($A12="","",IFERROR(SUM(C12:F12)/SUMIF('Question-Chapter Mapping'!$B$4:$B$100,"Test 1",'Question-Chapter Mapping'!$E$4:$E$100)*100,"")) | P12: =IF($A12="","",IFERROR(SUM(G12:J12)/SUMIF('Question-Chapter Mapping'!$B$4:$B$100,"Test 2",'Question-Chapter Mapping'!$E$4:$E$100)*100,"")) | Q12: =IF($A12="","",IFERROR(K12/'Assessment Structure'!$D$11*100,"")) | R12: =IF($A12="","",IFERROR(L12/'Assessment Structure'!$D$12*100,"")) | S12: =IF($A12="","",IFERROR(M12/'Assessment Structure'!$D$13*100,"")) | T12: =IF($A12="","",IFERROR(N12/'Assessment Structure'!$D$14*100,"")) | U12: =IF($A12="","",O12/100*'Assessment Structure'!$C$9+P12/100*'Assessment Structure'!$C$10+Q12/100*'Assessment Structure'!$C$11+R12/100*'Assessment Structure'!$C$12+S12/100*'Assessment Structure'!$C$13+T12/100*'Assessment Structure'!$C$14) | V12: =IF($A12="","",IFERROR(U12/'Assessment Structure'!$B$4*100,""))
O13: =IF($A13="","",IFERROR(SUM(C13:F13)/SUMIF('Question-Chapter Mapping'!$B$4:$B$100,"Test 1",'Question-Chapter Mapping'!$E$4:$E$100)*100,"")) | P13: =IF($A13="","",IFERROR(SUM(G13:J13)/SUMIF('Question-Chapter Mapping'!$B$4:$B$100,"Test 2",'Question-Chapter Mapping'!$E$4:$E$100)*100,"")) | Q13: =IF($A13="","",IFERROR(K13/'Assessment Structure'!$D$11*100,"")) | R13: =IF($A13="","",IFERROR(L13/'Assessment Structure'!$D$12*100,"")) | S13: =IF($A13="","",IFERROR(M13/'Assessment Structure'!$D$13*100,"")) | T13: =IF($A13="","",IFERROR(N13/'Assessment Structure'!$D$14*100,"")) | U13: =IF($A13="","",O13/100*'Assessment Structure'!$C$9+P13/100*'Assessment Structure'!$C$10+Q13/100*'Assessment Structure'!$C$11+R13/100*'Assessment Structure'!$C$12+S13/100*'Assessment Structure'!$C$13+T13/100*'Assessment Structure'!$C$14) | V13: =IF($A13="","",IFERROR(U13/'Assessment Structure'!$B$4*100,""))
O14: =IF($A14="","",IFERROR(SUM(C14:F14)/SUMIF('Question-Chapter Mapping'!$B$4:$B$100,"Test 1",'Question-Chapter Mapping'!$E$4:$E$100)*100,"")) | P14: =IF($A14="","",IFERROR(SUM(G14:J14)/SUMIF('Question-Chapter Mapping'!$B$4:$B$100,"Test 2",'Question-Chapter Mapping'!$E$4:$E$100)*100,"")) | Q14: =IF($A14="","",IFERROR(K14/'Assessment Structure'!$D$11*100,"")) | R14: =IF($A14="","",IFERROR(L14/'Assessment Structure'!$D$12*100,"")) | S14: =IF($A14="","",IFERROR(M14/'Assessment Structure'!$D$13*100,"")) | T14: =IF($A14="","",IFERROR(N14/'Assessment Structure'!$D$14*100,"")) | U14: =IF($A14="","",O14/100*'Assessment Structure'!$C$9+P14/100*'Assessment Structure'!$C$10+Q14/100*'Assessment Structure'!$C$11+R14/100*'Assessment Structure'!$C$12+S14/100*'Assessment Structure'!$C$13+T14/100*'Assessment Structure'!$C$14) | V14: =IF($A14="","",IFERROR(U14/'Assessment Structure'!$B$4*100,""))
O15: =IF($A15="","",IFERROR(SUM(C15:F15)/SUMIF('Question-Chapter Mapping'!$B$4:$B$100,"Test 1",'Question-Chapter Mapping'!$E$4:$E$100)*100,"")) | P15: =IF($A15="","",IFERROR(SUM(G15:J15)/SUMIF('Question-Chapter Mapping'!$B$4:$B$100,"Test 2",'Question-Chapter Mapping'!$E$4:$E$100)*100,"")) | Q15: =IF($A15="","",IFERROR(K15/'Assessment Structure'!$D$11*100,"")) | R15: =IF($A15="","",IFERROR(L15/'Assessment Structure'!$D$12*100,"")) | S15: =IF($A15="","",IFERROR(M15/'Assessment Structure'!$D$13*100,"")) | T15: =IF($A15="","",IFERROR(N15/'Assessment Structure'!$D$14*100,"")) | U15: =IF($A15="","",O15/100*'Assessment Structure'!$C$9+P15/100*'Assessment Structure'!$C$10+Q15/100*'Assessment Structure'!$C$11+R15/100*'Assessment Structure'!$C$12+S15/100*'Assessment Structure'!$C$13+T15/100*'Assessment Structure'!$C$14) | V15: =IF($A15="","",IFERROR(U15/'Assessment Structure'!$B$4*100,""))
O16: =IF($A16="","",IFERROR(SUM(C16:F16)/SUMIF('Question-Chapter Mapping'!$B$4:$B$100,"Test 1",'Question-Chapter Mapping'!$E$4:$E$100)*100,"")) | P16: =IF($A16="","",IFERROR(SUM(G16:J16)/SUMIF('Question-Chapter Mapping'!$B$4:$B$100,"Test 2",'Question-Chapter Mapping'!$E$4:$E$100)*100,"")) | Q16: =IF($A16="","",IFERROR(K16/'Assessment Structure'!$D$11*100,"")) | R16: =IF($A16="","",IFERROR(L16/'Assessment Structure'!$D$12*100,"")) | S16: =IF($A16="","",IFERROR(M16/'Assessment Structure'!$D$13*100,"")) | T16: =IF($A16="","",IFERROR(N16/'Assessment Structure'!$D$14*100,"")) | U16: =IF($A16="","",O16/100*'Assessment Structure'!$C$9+P16/100*'Assessment Structure'!$C$10+Q16/100*'Assessment Structure'!$C$11+R16/100*'Assessment Structure'!$C$12+S16/100*'Assessment Structure'!$C$13+T16/100*'Assessment Structure'!$C$14) | V16: =IF($A16="","",IFERROR(U16/'Assessment Structure'!$B$4*100,""))
O17: =IF($A17="","",IFERROR(SUM(C17:F17)/SUMIF('Question-Chapter Mapping'!$B$4:$B$100,"Test 1",'Question-Chapter Mapping'!$E$4:$E$100)*100,"")) | P17: =IF($A17="","",IFERROR(SUM(G17:J17)/SUMIF('Question-Chapter Mapping'!$B$4:$B$100,"Test 2",'Question-Chapter Mapping'!$E$4:$E$100)*100,"")) | Q17: =IF($A17="","",IFERROR(K17/'Assessment Structure'!$D$11*100,"")) | R17: =IF($A17="","",IFERROR(L17/'Assessment Structure'!$D$12*100,"")) | S17: =IF($A17="","",IFERROR(M17/'Assessment Structure'!$D$13*100,"")) | T17: =IF($A17="","",IFERROR(N17/'Assessment Structure'!$D$14*100,"")) | U17: =IF($A17="","",O17/100*'Assessment Structure'!$C$9+P17/100*'Assessment Structure'!$C$10+Q17/100*'Assessment Structure'!$C$11+R17/100*'Assessment Structure'!$C$12+S17/100*'Assessment Structure'!$C$13+T17/100*'Assessment Structure'!$C$14) | V17: =IF($A17="","",IFERROR(U17/'Assessment Structure'!$B$4*100,""))
O18: =IF($A18="","",IFERROR(SUM(C18:F18)/SUMIF('Question-Chapter Mapping'!$B$4:$B$100,"Test 1",'Question-Chapter Mapping'!$E$4:$E$100)*100,"")) | P18: =IF($A18="","",IFERROR(SUM(G18:J18)/SUMIF('Question-Chapter Mapping'!$B$4:$B$100,"Test 2",'Question-Chapter Mapping'!$E$4:$E$100)*100,"")) | Q18: =IF($A18="","",IFERROR(K18/'Assessment Structure'!$D$11*100,"")) | R18: =IF($A18="","",IFERROR(L18/'Assessment Structure'!$D$12*100,"")) | S18: =IF($A18="","",IFERROR(M18/'Assessment Structure'!$D$13*100,"")) | T18: =IF($A18="","",IFERROR(N18/'Assessment Structure'!$D$14*100,"")) | U18: =IF($A18="","",O18/100*'Assessment Structure'!$C$9+P18/100*'Assessment Structure'!$C$10+Q18/100*'Assessment Structure'!$C$11+R18/100*'Assessment Structure'!$C$12+S18/100*'Assessment Structure'!$C$13+T18/100*'Assessment Structure'!$C$14) | V18: =IF($A18="","",IFERROR(U18/'Assessment Structure'!$B$4*100,""))
... O104: =IF($A104="","",IFERROR(SUM(C104:F104)/SUMIF('Question-Chapter Mapping'!$B$4:$B$100,"Test 1",'Question-Chapter Mapping'!$E$4:$E$100)*100,"")) | P104: =IF($A104="","",IFERROR(SUM(G104:J104)/SUMIF('Question-Chapter Mapping'!$B$4:$B$100,"Test 2",'Question-Chapter Mapping'!$E$4:$E$100)*100,"")) | Q104: =IF($A104="","",IFERROR(K104/'Assessment Structure'!$D$11*100,"")) | R104: =IF($A104="","",IFERROR(L104/'Assessment Structure'!$D$12*100,"")) | S104: =IF($A104="","",IFERROR(M104/'Assessment Structure'!$D$13*100,"")) | T104: =IF($A104="","",IFERROR(N104/'Assessment Structure'!$D$14*100,"")) | U104: =IF($A104="","",O104/100*'Assessment Structure'!$C$9+P104/100*'Assessment Structure'!$C$10+Q104/100*'Assessment Structure'!$C$11+R104/100*'Assessment Structure'!$C$12+S104/100*'Assessment Structure'!$C$13+T104/100*'Assessment Structure'!$C$14) | V104: =IF($A104="","",IFERROR(U104/'Assessment Structure'!$B$4*100,""))

Sheet Question-Chapter Mapping
A1: Learning Analytics – Question-Chapter Mapping
A3: Column Name | B3: Assessment | C3: Question | D3: Chapter | E3: Full Marks | F3: Mapping Check
A4: TEST1_Q1 | B4: Test 1 | C4: Q1 | D4: Chapter 1 | E4: 10 | F4: =IF(OR(A4="",B4="",E4=""),"",IF(COUNTIF('Student Marks'!$C$4:$V$4,A4)>0,"OK","MISSING")) -> OK
A5: TEST1_Q2 | B5: Test 1 | C5: Q2 | D5: Chapter 2 | E5: 10 | F5: =IF(OR(A5="",B5="",E5=""),"",IF(COUNTIF('Student Marks'!$C$4:$V$4,A5)>0,"OK","MISSING")) -> OK
A6: TEST1_Q3 | B6: Test 1 | C6: Q3 | D6: Chapter 3 | E6: 15 | F6: =IF(OR(A6="",B6="",E6=""),"",IF(COUNTIF('Student Marks'!$C$4:$V$4,A6)>0,"OK","MISSING")) -> OK
A7: TEST1_Q4 | B7: Test 1 | C7: Q4 | D7: Chapter 1 | E7: 15 | F7: =IF(OR(A7="",B7="",E7=""),"",IF(COUNTIF('Student Marks'!$C$4:$V$4,A7)>0,"OK","MISSING")) -> OK
A8: TEST2_Q1 | B8: Test 2 | C8: Q1 | D8: Chapter 2 | E8: 10 | F8: =IF(OR(A8="",B8="",E8=""),"",IF(COUNTIF('Student Marks'!$C$4:$V$4,A8)>0,"OK","MISSING")) -> OK
A9: TEST2_Q2 | B9: Test 2 | C9: Q2 | D9: Chapter 3 | E9: 10 | F9: =IF(OR(A9="",B9="",E9=""),"",IF(COUNTIF('Student Marks'!$C$4:$V$4,A9)>0,"OK","MISSING")) -> OK
A10: TEST2_Q3 | B10: Test 2 | C10: Q3 | D10: Chapter 4 | E10: 15 | F10: =IF(OR(A10="",B10="",E10=""),"",IF(COUNTIF('Student Marks'!$C$4:$V$4,A10)>0,"OK","MISSING")) -> OK
A11: TEST2_Q4 | B11: Test 2 | C11: Q4 | D11: Chapter 5 | E11: 15 | F11: =IF(OR(A11="",B11="",E11=""),"",IF(COUNTIF('Student Marks'!$C$4:$V$4,A11)>0,"OK","MISSING")) -> OK
F12: =IF(OR(A12="",B12="",E12=""),"",IF(COUNTIF('Student Marks'!$C$4:$V$4,A12)>0,"OK","MISSING"))
A13: EDITABLE EXAMPLE: Add, remove or change question-mapping rows to match the assessment. If a question is removed, remove its mapping row as well. The Test percentage in Student Marks will automatically use the remaining mapped question marks. Check Assessment Structure: Mapped Full Marks (Auto) should match Full Marks before uploading. | F13: =IF(OR(A13="",B13="",E13=""),"",IF(COUNTIF('Student Marks'!$C$4:$V$4,A13)>0,"OK","MISSING"))
F14: =IF(OR(A14="",B14="",E14=""),"",IF(COUNTIF('Student Marks'!$C$4:$V$4,A14)>0,"OK","MISSING"))
F15: =IF(OR(A15="",B15="",E15=""),"",IF(COUNTIF('Student Marks'!$C$4:$V$4,A15)>0,"OK","MISSING"))
F16: =IF(OR(A16="",B16="",E16=""),"",IF(COUNTIF('Student Marks'!$C$4:$V$4,A16)>0,"OK","MISSING"))
F17: =IF(OR(A17="",B17="",E17=""),"",IF(COUNTIF('Student Marks'!$C$4:$V$4,A17)>0,"OK","MISSING"))
F18: =IF(OR(A18="",B18="",E18=""),"",IF(COUNTIF('Student Marks'!$C$4:$V$4,A18)>0,"OK","MISSING"))
F19: =IF(OR(A19="",B19="",E19=""),"",IF(COUNTIF('Student Marks'!$C$4:$V$4,A19)>0,"OK","MISSING"))
F20: =IF(OR(A20="",B20="",E20=""),"",IF(COUNTIF('Student Marks'!$C$4:$V$4,A20)>0,"OK","MISSING"))
F21: =IF(OR(A21="",B21="",E21=""),"",IF(COUNTIF('Student Marks'!$C$4:$V$4,A21)>0,"OK","MISSING"))
F22: =IF(OR(A22="",B22="",E22=""),"",IF(COUNTIF('Student Marks'!$C$4:$V$4,A22)>0,"OK","MISSING"))
F23: =IF(OR(A23="",B23="",E23=""),"",IF(COUNTIF('Student Marks'!$C$4:$V$4,A23)>0,"OK","MISSING"))
F24: =IF(OR(A24="",B24="",E24=""),"",IF(COUNTIF('Student Marks'!$C$4:$V$4,A24)>0,"OK","MISSING"))
F25: =IF(OR(A25="",B25="",E25=""),"",IF(COUNTIF('Student Marks'!$C$4:$V$4,A25)>0,"OK","MISSING"))
... F100: =IF(OR(A100="",B100="",E100=""),"",IF(COUNTIF('Student Marks'!$C$4:$V$4,A100)>0,"OK","MISSING"))
